<beans xmlns="http://www.springframework.org/schema/beans"
	xmlns:tx="http://www.springframework.org/schema/tx"
	xmlns:aop="http://www.springframework.org/schema/aop"
	xmlns:xsi="http://www.w3.org/2001/XMLSchema-instance"
    xsi:schemaLocation="http://www.springframework.org/schema/beans 
						http://www.springframework.org/schema/beans/spring-beans-3.0.xsd
						http://www.springframework.org/schema/tx 
						http://www.springframework.org/schema/tx/spring-tx-3.0.xsd
						http://www.springframework.org/schema/aop 
						http://www.springframework.org/schema/aop/spring-aop-3.0.xsd">
	<aop:aspectj-autoproxy proxy-target-class="true"/>
	
	<bean id="xmlAspect" class="com.gupaoedu.aop.aspect.XmlAspect"></bean>
	<!-- AOP配置 -->
	<aop:config>
		<!-- 声明一个切面,并注入切面Bean,相当于@Aspect -->
		<aop:aspect ref="xmlAspect">
			<!-- 配置一个切入点,相当于@Pointcut -->
			<aop:pointcut expression="execution(* com.gupaoedu.aop.service..*(..))" id="simplePointcut"/>
			<!-- 配置通知,相当于@Before、@After、@AfterReturn、@Around、@AfterThrowing -->
			<aop:before pointcut-ref="simplePointcut" method="before"/>
			<aop:after pointcut-ref="simplePointcut" method="after"/>
			<aop:after-returning pointcut-ref="simplePointcut" method="afterReturn"/>
			<aop:after-throwing pointcut-ref="simplePointcut" method="afterThrow" throwing="ex"/>
		</aop:aspect>
	</aop:config>
	
</beans>