<beans xmlns="http://www.springframework.org/schema/beans"
	xmlns:tx="http://www.springframework.org/schema/tx"
	xmlns:aop="http://www.springframework.org/schema/aop"
	xmlns:xsi="http://www.w3.org/2001/XMLSchema-instance"
 xsi:schemaLocation="http://www.springframework.org/schema/beans 
						http://www.springframework.org/schema/beans/spring-beans-3.0.xsd
						http://www.springframework.org/schema/tx 
						http://www.springframework.org/schema/tx/spring-tx-3.0.xsd
						http://www.springframework.org/schema/aop 
						http://www.springframework.org/schema/aop/spring-aop-3.0.xsd">
	<aop:aspectj-autoproxy proxy-target-class="true"/>
	
	
	<bean id="daoPoint" class="javax.core.common.jdbc.DaoPoint"></bean>
    <aop:config>  
        <aop:aspect ref="daoPoint">  
            <aop:after method="execute"  pointcut="execution(public * com.gupaoedu..*.dao..*Dao.*(..))" />
        </aop:aspect>
    </aop:config>
	
	
</beans>
