<?xml version="1.0" encoding="UTF-8"?>
<!DOCTYPE beans PUBLIC "-//SPRING//DTD BEAN//EN" "http://www.springframework.org/dtd/spring-beans.dtd">

<beans>
	<bean id="firstTimer" class="com.gupaoedu.timer.XmlTimer"></bean>
	
	<bean id="firstTask"
		class="org.springframework.scheduling.quartz.MethodInvokingJobDetailFactoryBean">
		<property name="targetObject">
			<ref bean="firstTimer" />
		</property>
		<property name="targetMethod">
			<value>execute</value>
		</property>
	</bean>
	
	<!-- 初始化以后，还要能修改 -->
	<!-- 每隔5秒钟执行一次，我要在运行时动态修改为每小时执行一次 -->
	<bean id="firstTrigger" class="org.springframework.scheduling.quartz.CronTriggerFactoryBean">
		<property name="jobDetail">
			<ref bean="firstTask" />
		</property>
		<property name="cronExpression">
			<value>0/5 * * * * ?</value>
		</property>
	</bean>
	
	
	<bean id="startQuertz" lazy-init="false" autowire="no" class="org.springframework.scheduling.quartz.SchedulerFactoryBean">
		<property name="triggers">
			<list>
				<ref bean="firstTrigger" />
			</list>
		</property>
	</bean>

</beans>