<beans xmlns="http://www.springframework.org/schema/beans"
	xmlns:tx="http://www.springframework.org/schema/tx"
	xmlns:aop="http://www.springframework.org/schema/aop"
	xmlns:xsi="http://www.w3.org/2001/XMLSchema-instance"
 xsi:schemaLocation="http://www.springframework.org/schema/beans 
						http://www.springframework.org/schema/beans/spring-beans-3.0.xsd
						http://www.springframework.org/schema/tx 
						http://www.springframework.org/schema/tx/spring-tx-3.0.xsd
						http://www.springframework.org/schema/aop 
						http://www.springframework.org/schema/aop/spring-aop-3.0.xsd">
	<aop:aspectj-autoproxy proxy-target-class="true"/>

	<!-- 
	
		1、数据源：不管是哪个厂商都要是实现DataSource接口，拿到实际上就是包含了Connection对象
		2、使用Spring给我们提供的工具类TransactionMagager 事务管理器，来管理所有的 事务操作(肯定要拿到连接对象)
	
	 -->
	
	<bean id="transactionManager" class="org.springframework.jdbc.datasource.DataSourceTransactionManager">
		<property name="dataSource" ref="dataSource"/>
	</bean>
	
	<tx:annotation-driven transaction-manager="transactionManager"/>
	
	
	<!-- 3、利用切面编程来实现对某一类方法进行事务统一管理(声明式事务) -->
	<!-- 属于AOP中的东西，比较熟悉了的 -->
	 <!-- <aop:config> 
    	<aop:pointcut expression="execution(public * com.gupaoedu.vip..*.service..*Service.*(..))" id="transactionPointcut"/>
   		<aop:advisor pointcut-ref="transactionPointcut" advice-ref="transactionAdvice"/>
    </aop:config> -->
    
    
    <!-- 4、配置通知规则 -->
    <!-- Transaction  tx :NameSpace -->
    <!-- <tx:advice id="transactionAdvice" transaction-manager="transactionManager">
	    <tx:attributes>
	      <tx:method name="add*" propagation="REQUIRED" rollback-for="Exception,RuntimeException" timeout="-1"/>
	      <tx:method name="remove*" propagation="REQUIRED" rollback-for="Exception,RuntimeException"/>
	      <tx:method name="modify*" propagation="REQUIRED" rollback-for="Exception,RuntimeException"/>
	      <tx:method name="transfer*" propagation="REQUIRED" rollback-for="Exception"/>
	      <tx:method name="login" propagation="REQUIRED"/>
	      <tx:method name="query*" read-only="true"/>
	    </tx:attributes>
	</tx:advice> -->
    
    
</beans>
